{"cameraMode":{"drawMode":0,"name":"Shaded","section":"Shading Mode"},"sceneLighting":false,"audioPlay":false,"sceneViewState":{"showFog":false,"showMaterialUpdate":false,"showSkybox":false,"showFlares":false,"showImageEffects":false,"showParticleSystems":false},"in2DMode":false,"pivot":{"x":25.020000457763673,"y":0.9499999284744263,"z":11.670000076293946},"rotation":{"x":0.238067165017128,"y":-0.6640709042549133,"z":0.2366355061531067,"w":0.6681005954742432},"size":3.414663553237915,"orthographic":false}